status_0,status_0,256,2521,1456,1521,251.5,154.5,0.5,221,2521,1456,1521,251.5,154.5,0.5,237,2521,1456,1521,251.5,154.5,0.5,321,2521,1456,1521,251.5,154.5,0.5,275,2521,1456,1521,251.5,154.5,0.5,124,2521,1456,1521,251.5,154.5,0.5,222,2521,1456,1521,251.5,154.5,0.5
status_1,status_1,256,2521,1456,1521,251.5,154.5,0.5,221,2521,1456,1521,251.5,154.5,0.5,237,2521,1456,1521,251.5,154.5,0.5,321,2521,1456,1521,251.5,154.5,0.5,275,2521,1456,1521,251.5,154.5,0.5,124,2521,1456,1521,251.5,154.5,0.5,222,2521,1456,1521,251.5,154.5,0.5
status_2,status_2,256,2521,1456,1521,251.5,154.5,0.5,221,2521,1456,1521,251.5,154.5,0.5,237,2521,1456,1521,251.5,154.5,0.5,321,2521,1456,1521,251.5,154.5,0.5,275,2521,1456,1521,251.5,154.5,0.5,124,2521,1456,1521,251.5,154.5,0.5,222,2521,1456,1521,251.5,154.5,0.5
status_3,status_3,256,2521,1456,1521,251.5,154.5,0.5,221,2521,1456,1521,251.5,154.5,0.5,237,2521,1456,1521,251.5,154.5,0.5,321,2521,1456,1521,251.5,154.5,0.5,275,2521,1456,1521,251.5,154.5,0.5,124,2521,1456,1521,251.5,154.5,0.5,222,2521,1456,1521,251.5,154.5,0.5
status_4,status_4,256,2521,1456,1521,251.5,154.5,0.5,221,2521,1456,1521,251.5,154.5,0.5,237,2521,1456,1521,251.5,154.5,0.5,321,2521,1456,1521,251.5,154.5,0.5,275,2521,1456,1521,251.5,154.5,0.5,124,2521,1456,1521,251.5,154.5,0.5,222,2521,1456,1521,251.5,154.5,0.5
status_5,status_5,256,2521,1456,1521,251.5,154.5,0.5,221,2521,1456,1521,251.5,154.5,0.5,237,2521,1456,1521,251.5,154.5,0.5,321,2521,1456,1521,251.5,154.5,0.5,275,2521,1456,1521,251.5,154.5,0.5,124,2521,1456,1521,251.5,154.5,0.5,222,2521,1456,1521,251.5,154.5,0.5
status_6,status_6,256,2521,1456,1521,251.5,154.5,0.5,221,2521,1456,1521,251.5,154.5,0.5,237,2521,1456,1521,251.5,154.5,0.5,321,2521,1456,1521,251.5,154.5,0.5,275,2521,1456,1521,251.5,154.5,0.5,124,2521,1456,1521,251.5,154.5,0.5,222,2521,1456,1521,251.5,154.5,0.5
status_7,status_7,256,2521,1456,1521,251.5,154.5,0.5,221,2521,1456,1521,251.5,154.5,0.5,237,2521,1456,1521,251.5,154.5,0.5,321,2521,1456,1521,251.5,154.5,0.5,275,2521,1456,1521,251.5,154.5,0.5,124,2521,1456,1521,251.5,154.5,0.5,222,2521,1456,1521,251.5,154.5,0.5
status_8,status_8,256,2521,1456,1521,251.5,154.5,0.5,221,2521,1456,1521,251.5,154.5,0.5,237,2521,1456,1521,251.5,154.5,0.5,321,2521,1456,1521,251.5,154.5,0.5,275,2521,1456,1521,251.5,154.5,0.5,124,2521,1456,1521,251.5,154.5,0.5,222,2521,1456,1521,251.5,154.5,0.5
status_9,status_9,256,2521,1456,1521,251.5,154.5,0.5,221,2521,1456,1521,251.5,154.5,0.5,237,2521,1456,1521,251.5,154.5,0.5,321,2521,1456,1521,251.5,154.5,0.5,275,2521,1456,1521,251.5,154.5,0.5,124,2521,1456,1521,251.5,154.5,0.5,222,2521,1456,1521,251.5,154.5,0.5
status_10,status_10,256,2521,1456,1521,251.5,154.5,0.5,221,2521,1456,1521,251.5,154.5,0.5,237,2521,1456,1521,251.5,154.5,0.5,321,2521,1456,1521,251.5,154.5,0.5,275,2521,1456,1521,251.5,154.5,0.5,124,2521,1456,1521,251.5,154.5,0.5,222,2521,1456,1521,251.5,154.5,0.5
status_11,status_11,256,2521,1456,1521,251.5,154.5,0.5,221,2521,1456,1521,251.5,154.5,0.5,237,2521,1456,1521,251.5,154.5,0.5,321,2521,1456,1521,251.5,154.5,0.5,275,2521,1456,1521,251.5,154.5,0.5,124,2521,1456,1521,251.5,154.5,0.5,222,2521,1456,1521,251.5,154.5,0.5
status_12,status_12,256,2521,1456,1521,251.5,154.5,0.5,221,2521,1456,1521,251.5,154.5,0.5,237,2521,1456,1521,251.5,154.5,0.5,321,2521,1456,1521,251.5,154.5,0.5,275,2521,1456,1521,251.5,154.5,0.5,124,2521,1456,1521,251.5,154.5,0.5,222,2521,1456,1521,251.5,154.5,0.5
status_13,status_13,256,2521,1456,1521,251.5,154.5,0.5,221,2521,1456,1521,251.5,154.5,0.5,237,2521,1456,1521,251.5,154.5,0.5,321,2521,1456,1521,251.5,154.5,0.5,275,2521,1456,1521,251.5,154.5,0.5,124,2521,1456,1521,251.5,154.5,0.5,222,2521,1456,1521,251.5,154.5,0.5
status_14,status_14,256,2521,1456,1521,251.5,154.5,0.5,221,2521,1456,1521,251.5,154.5,0.5,237,2521,1456,1521,251.5,154.5,0.5,321,2521,1456,1521,251.5,154.5,0.5,275,2521,1456,1521,251.5,154.5,0.5,124,2521,1456,1521,251.5,154.5,0.5,222,2521,1456,1521,251.5,154.5,0.5
status_15,status_15,256,2521,1456,1521,251.5,154.5,0.5,221,2521,1456,1521,251.5,154.5,0.5,237,2521,1456,1521,251.5,154.5,0.5,321,2521,1456,1521,251.5,154.5,0.5,275,2521,1456,1521,251.5,154.5,0.5,124,2521,1456,1521,251.5,154.5,0.5,222,2521,1456,1521,251.5,154.5,0.5
status_16,status_16,256,2521,1456,1521,251.5,154.5,0.5,221,2521,1456,1521,251.5,154.5,0.5,237,2521,1456,1521,251.5,154.5,0.5,321,2521,1456,1521,251.5,154.5,0.5,275,2521,1456,1521,251.5,154.5,0.5,124,2521,1456,1521,251.5,154.5,0.5,222,2521,1456,1521,251.5,154.5,0.5
status_17,status_17,256,2521,1456,1521,251.5,154.5,0.5,221,2521,1456,1521,251.5,154.5,0.5,237,2521,1456,1521,251.5,154.5,0.5,321,2521,1456,1521,251.5,154.5,0.5,275,2521,1456,1521,251.5,154.5,0.5,124,2521,1456,1521,251.5,154.5,0.5,222,2521,1456,1521,251.5,154.5,0.5
status_18,status_18,256,2521,1456,1521,251.5,154.5,0.5,221,2521,1456,1521,251.5,154.5,0.5,237,2521,1456,1521,251.5,154.5,0.5,321,2521,1456,1521,251.5,154.5,0.5,275,2521,1456,1521,251.5,154.5,0.5,124,2521,1456,1521,251.5,154.5,0.5,222,2521,1456,1521,251.5,154.5,0.5
status_19,status_19,256,2521,1456,1521,251.5,154.5,0.5,221,2521,1456,1521,251.5,154.5,0.5,237,2521,1456,1521,251.5,154.5,0.5,321,2521,1456,1521,251.5,154.5,0.5,275,2521,1456,1521,251.5,154.5,0.5,124,2521,1456,1521,251.5,154.5,0.5,222,2521,1456,1521,251.5,154.5,0.5
